x1,x2,x3,y_label
-100.83818183282621,100.0,0.0,-6908484.649761849
-98.82600411385454,101.20240480961924,0.9018036072144289,-7167624.463808142
-98.62798712500646,102.40480961923848,1.8036072144288577,-7429469.596621906
-96.96017307937987,103.60721442885772,2.7054108216432864,-7699764.941590525
-97.1903246695534,104.80961923847696,3.6072144288577155,-7972485.550482036
-96.93967703521334,106.0120240480962,4.509018036072145,-8251706.501509086
-94.42224312948811,107.21442885771543,5.410821643286573,-8540382.458302652
-95.03005653130114,108.41683366733467,6.312625250501002,-8829140.641554222
-94.34319052214359,109.61923847695391,7.214428857715431,-9125457.115428438
-91.97679956278178,110.82164328657315,8.11623246492986,-9429819.334959993
-93.91075286612207,112.02404809619239,9.01803607214429,-9732123.178261288
-89.95500507552667,113.22645290581163,9.919839679358718,-10049250.69834461
-90.82175526338223,114.42885771543087,10.821643286573146,-10363361.341023667
-89.13232959640405,115.6312625250501,11.723446893787575,-10686454.605306976
-88.6778817573261,116.83366733466934,12.625250501002004,-11012272.202105982
-89.14664792166481,118.03607214428858,13.527054108216433,-11341242.5806018
-87.60260750000712,119.23847695390782,14.428857715430862,-11677946.607384317
-84.96506116564451,120.44088176352706,15.330661322645291,-12020715.1116694
-83.98725456479713,121.6432865731463,16.23246492985972,-12365195.294852855
-85.66178041964208,122.84569138276554,17.13426853707415,-12709850.169492638
-85.24675329710274,124.04809619238478,18.03607214428858,-13061815.414633913
-82.7305982822455,125.25050100200401,18.937875751503007,-13420958.437563924
-82.37417618552182,126.45290581162325,19.839679358717436,-13780736.41851492
-83.58183579214086,127.65531062124249,20.741482965931866,-14141987.259050125
-81.80121593705243,128.85771543086173,21.64328657314629,-14511395.471118135
-80.9386970677084,130.06012024048096,22.54509018036072,-14883016.866591228
-77.62811550436925,131.2625250501002,23.44689378757515,-15261596.746683039
-77.6164204122749,132.46492985971943,24.34869739478958,-15638862.67663562
-77.43657095383182,133.6673346693387,25.250501002004007,-16019654.485960027
-76.27272880597103,134.8697394789579,26.152304609218437,-16404993.60299583
-75.9888159444527,136.07214428857716,27.054108216432866,-16792196.983331773
-75.60634240086418,137.2745490981964,27.955911823647295,-17182515.374493588
-76.42286725687508,138.47695390781564,28.857715430861724,-17574073.955679707
-75.581232285222,139.67935871743487,29.759519038076153,-17970677.385364845
-73.84325495513082,140.88176352705412,30.661322645290582,-18371139.934077155
-71.81588291854627,142.08416833667334,31.56312625250501,-18774493.201423336
-73.26385018263181,143.2865731462926,32.46492985971944,-19175765.322904542
-68.53247148379388,144.48897795591182,33.366733466933866,-19587330.34665731
-71.22470781355267,145.69138276553107,34.2685370741483,-19991732.24364895
-67.92663416299281,146.8937875751503,35.170340681362724,-20405809.092740968
-68.31978395806121,148.09619238476955,36.07214428857716,-20817328.706963204
-67.07375025163552,149.29859719438878,36.97394789579158,-21232800.98660579
-65.51298848967103,150.50100200400803,37.875751503006015,-21650466.582114138
-66.57629705924282,151.70340681362725,38.77755511022044,-22066751.918245185
-65.1095199605849,152.9058116232465,39.67935871743487,-22487682.93474978
-63.1495489907432,154.10821643286573,40.5811623246493,-22910678.254969668
-63.991470645498225,155.31062124248498,41.48296593186373,-23331884.963870548
-61.8527079721366,156.5130260521042,42.38476953907816,-23757811.644633334
-62.74628771390943,157.71543086172346,43.28657314629258,-24181545.14427039
-61.94603931399683,158.9178356713427,44.188376753507015,-24608306.987506922
-61.007885585497945,160.1202404809619,45.09018036072144,-25036234.141442373
-57.92845242686722,161.32264529058116,45.99198396793587,-25467341.683055963
-59.385040533879575,162.52505010020042,46.8937875751503,-25894434.244723458
-57.51188787960628,163.72745490981964,47.79559118236473,-26325751.620223876
-57.14264558680863,164.92985971943887,48.69739478957916,-26756092.545314204
-56.81521234273499,166.13226452905812,49.59919839679359,-27186898.498219904
-55.38369197643393,167.33466933867737,50.501002004008015,-27619221.386406407
-53.03384497696713,168.5370741482966,51.40280561122245,-28052695.84274036
-53.3207306980083,169.73947895791582,52.30460921843687,-28483804.033889502
-51.936285617996056,170.94188376753507,53.206412825651306,-28916596.552689187
-51.55780243704989,172.14428857715433,54.10821643286573,-29348425.324781984
-51.31469513749377,173.34669338677355,55.010020040080164,-29780018.860029746
-50.59779859687374,174.54909819639278,55.91182364729459,-30211834.07804429
-49.050583432877104,175.75150300601203,56.81362725450902,-30644065.564086
-49.17840158791212,176.95390781563128,57.71543086172345,-31074379.67000512
-48.18443088763821,178.1563126252505,58.61723446893787,-31505157.972704362
-49.30750217958588,179.35871743486973,59.519038076152306,-31933457.094414584
-45.80218005824806,180.56112224448898,60.42084168336673,-32365016.354291294
-45.6171444627152,181.76352705410824,61.322645290581164,-32792898.559190623
-45.20672077252649,182.96593186372746,62.22444889779559,-33220032.220469553
-44.6035021442713,184.1683366733467,63.12625250501002,-33646283.183829635
-44.10192004373694,185.37074148296594,64.02805611222445,-34071309.21877224
-44.47563719461312,186.5731462925852,64.92985971943888,-34494396.09981643
-41.00216974335609,187.77555110220442,65.83166332665331,-34919109.25622429
-40.180935006601786,188.97795591182364,66.73346693386773,-35340303.515282795
-39.73549687727872,190.1803607214429,67.63527054108216,-35759668.329135746
-39.21356768028688,191.38276553106215,68.5370741482966,-36177430.82201491
-38.52225063558593,192.58517034068137,69.43887775551103,-36593550.32965615
-37.5696535576743,193.7875751503006,70.34068136272545,-37007979.74628581
-36.54583939455116,194.98997995991985,71.24248496993988,-37420477.927762106
-36.33996650105881,196.1923847695391,72.14428857715431,-37830363.4357066
-34.919883257318396,197.39478957915833,73.04609218436873,-38238856.854228154
-34.0966374190082,198.59719438877755,73.94789579158316,-38644680.078999236
-33.40238399681108,199.7995991983968,74.8496993987976,-39048039.9002157
-33.61256389076326,201.00200400801606,75.75150300601203,-39448374.402748115
-31.324115824311757,202.20440881763528,76.65330661322645,-39847593.31014228
-33.41684859342197,203.4068136272545,77.55511022044088,-40241572.60909291
-31.45396203238474,204.60921843687376,78.45691382765531,-40635131.482863575
-29.529309696926003,205.811623246493,79.35871743486975,-41025711.89244953
-28.196673785846396,207.01402805611224,80.26052104208416,-41412936.50419563
-25.803782037921557,208.21643286573146,81.1623246492986,-41797536.91797115
-28.097265847577475,209.41883767535072,82.06412825651303,-42176663.98143594
-27.03544756179971,210.62124248496997,82.96593186372746,-42554129.69858751
-25.55252125130832,211.8236472945892,83.86773547094188,-42928366.59815533
-24.737922186217464,213.02605210420842,84.76953907815631,-43298763.5331268
-23.764001529091573,214.22845691382767,85.67134268537075,-43665607.09483665
-24.365939471918747,215.4308617234469,86.57314629258516,-44028051.97385271
-22.379121676035023,216.63326653306615,87.4749498997996,-44387777.65018669
-22.787246242777584,217.83567134268537,88.37675350701403,-44742582.749842554
-19.514684733360056,219.0380761523046,89.27855711422846,-45094777.861443
-19.479780506927845,220.24048096192385,90.18036072144288,-45441614.4902448
-19.734985726497953,221.4428857715431,91.08216432865731,-45784120.98691144
-19.049227279652065,222.64529058116233,91.98396793587175,-46122626.110367805
-16.651715951559957,223.84769539078155,92.88577154308618,-46457228.391439535
-15.043097785283766,225.0501002004008,93.7875751503006,-46786982.380965866
-17.173111506289295,226.25250501002006,94.68937875751503,-47111020.10285251
-15.278984446664955,227.45490981963928,95.59118236472946,-47431485.81296709
-12.903082041118678,228.65731462925854,96.4929859719439,-47747155.11131027
-14.026179292234673,229.85971943887776,97.39478957915831,-48057000.77392386
-10.910262328162386,231.062124248497,98.29659318637275,-48362766.11475652
-12.571292044121758,232.26452905811624,99.19839679358718,-48662326.305521615
-8.921514046071167,233.4669338677355,100.10020040080161,-48957685.70419269
-9.941276190276463,234.66933867735472,101.00200400801603,-49246805.16645506
-7.90312907575472,235.87174348697397,101.90380761523046,-49530961.253053844
-8.658464075350633,237.0741482965932,102.8056112224449,-49809110.60581035
-7.650081448650422,238.27655310621245,103.70741482965931,-50081850.72886609
-7.7650232117285,239.47895791583167,104.60921843687375,-50348654.07436771
-6.496068684041471,240.68136272545092,105.51102204408818,-50609760.41203325
-6.616727242755314,241.88376753507015,106.41282565130261,-50864710.81481161
-5.009412088841521,243.0861723446894,107.31462925851703,-51113761.81293605
-2.9674676795345736,244.28857715430863,108.21643286573146,-51356606.39754416
-3.4435375617949817,245.49098196392788,109.1182364729459,-51592989.09070658
-3.4174577105579993,246.6933867735471,110.02004008016033,-51823010.03471999
-1.7145746780159694,247.89579158316636,110.92184368737475,-52046614.19248712
0.7010532530005669,249.09819639278558,111.82364729458918,-52263564.90174225
1.4572608947211523,250.30060120240483,112.72545090180361,-52473779.05653907
2.241166166354989,251.50300601202406,113.62725450901804,-52677178.97618163
0.48753494660736707,252.7054108216433,114.52905811623246,-52873742.2228133
2.8481044555335515,253.90781563126254,115.4308617234469,-53063182.70419998
4.9893848299707155,255.11022044088176,116.33266533066133,-53245431.17758955
5.855825732021847,256.312625250501,117.23446893787575,-53420531.28624426
3.676574576693457,257.51503006012024,118.13627254509018,-53588585.09169856
7.379832958899643,258.71743486973946,119.03807615230461,-53748662.59707293
7.668667463802062,259.9198396793587,119.93987975951904,-53901545.64952182
6.8098638765528,261.12224448897797,120.84168336673346,-54046952.89107385
8.570847369186758,262.3246492985972,121.7434869739479,-54184274.61975266
9.461300623586748,263.5270541082165,122.64529058116233,-54313862.76487201
10.148079601844428,264.7294589178357,123.54709418837676,-54435538.37539137
12.282639418138867,265.9318637274549,124.44889779559118,-54548865.43365653
11.579612025186586,267.13426853707415,125.35070140280561,-54654632.55026114
11.254430429213253,268.3366733466934,126.25250501002004,-54752070.66923037
13.499938528952608,269.5390781563126,127.15430861723448,-54840593.84313187
13.339043700563607,270.7414829659319,128.0561122244489,-54921205.31281869
16.08854396092799,271.9438877755511,128.95791583166334,-54992495.87329571
15.879714287421576,273.1462925851704,129.85971943887776,-55055917.87224203
15.399358587803142,274.3486973947896,130.76152304609218,-55110655.167600214
16.51728284246387,275.55110220440883,131.66332665330663,-55156073.26694414
17.845117842409646,276.75350701402806,132.56513026052104,-55192435.993824616
18.195759784832124,277.9559118236473,133.46693386773546,-55220026.78376348
18.63751362622884,279.1583166332665,134.3687374749499,-55238413.02042629
20.748694400372973,280.3607214428858,135.27054108216433,-55246922.4857278
18.37870395957064,281.563126252505,136.17234468937875,-55247637.047071725
20.952197900780572,282.7655310621243,137.0741482965932,-55237125.212422
22.160702650211046,283.9679358717435,137.9759519038076,-55217471.56682177
23.695972088589556,285.17034068136275,138.87775551102206,-55187966.366412774
25.835553176971192,286.37274549098197,139.77955911823648,-55148351.14301023
25.76879760445574,287.5751503006012,140.6813627254509,-55099827.85945031
26.218149708319828,288.7775551102204,141.58316633266534,-55041067.47272985
27.351353245295087,289.9799599198397,142.48496993987976,-54971872.12762424
27.491818031988824,291.1823647294589,143.38677354709418,-54892951.940261185
29.202047064397025,292.3847695390782,144.28857715430863,-54802923.591691345
29.114112901003015,293.58717434869743,145.19038076152304,-54703406.17207357
29.400611366971674,294.78957915831666,146.09218436873746,-54593180.86209406
31.388376075427573,295.9919839679359,146.9939879759519,-54471405.063810185
32.63900252693765,297.1943887775551,147.89579158316633,-54339279.24371447
34.88615412440995,298.39679358717433,148.79759519038078,-54195688.57782893
33.63006821005244,299.5991983967936,149.6993987975952,-54043315.26348618
32.94750020652182,300.80160320641284,150.6012024048096,-53879550.51929331
36.2688514292288,302.0040080160321,151.50300601202406,-53702178.89158662
35.648284175291096,303.20641282565134,152.40480961923848,-53516046.090486884
36.302127175334746,304.40881763527057,153.3066132264529,-53317753.36089374
35.756546657831585,305.6112224448898,154.20841683366734,-53108799.9879996
38.18950241746915,306.813627254509,155.11022044088176,-52886332.756831765
38.22181905571585,308.01603206412824,156.0120240480962,-52653818.60107233
39.965728713318896,309.2184368737475,156.91382765531063,-52408352.63300787
40.20851003021852,310.42084168336675,157.81563126252505,-52152088.78074382
41.830932207969546,311.623246492986,158.7174348697395,-51882849.31836991
41.859215146124825,312.82565130260525,159.6192384769539,-51602730.60581149
43.141544257037985,314.0280561122245,160.52104208416833,-51309493.334329024
43.5024602040246,315.2304609218437,161.42284569138278,-51004693.74036555
44.53636470040317,316.4328657314629,162.3246492985972,-50686991.500637904
44.93965214736763,317.63527054108215,163.2264529058116,-50357315.83982538
46.38312457388782,318.83767535070143,164.12825651302606,-50014207.66831438
47.35714000057695,320.04008016032066,165.03006012024048,-49658790.27855377
48.272403860104646,321.24248496993994,165.93186372745492,-49290630.01654281
48.89931174128162,322.44488977955916,166.83366733466934,-48909829.35468601
47.85994105301027,323.6472945891784,167.73547094188376,-48517499.19326402
49.51627765667678,324.8496993987976,168.6372745490982,-48109726.44475876
50.28014745674022,326.05210420841684,169.53907815631263,-47689530.32402073
51.280869960307825,327.25450901803606,170.44088176352705,-47255813.69711672
55.25509152070934,328.45691382765534,171.3426853707415,-46805806.32148509
50.774491221812376,329.65931863727457,172.2444889779559,-46350387.32768835
54.69113268585413,330.8617234468938,173.14629258517033,-45873374.12675844
54.26418825886771,332.0641282565131,174.04809619238478,-45386793.34299199
56.029466934470086,333.2665330661323,174.9498997995992,-44884234.72335361
56.694710586025735,334.4689378757515,175.85170340681364,-44368843.609162256
56.444335074328194,335.67134268537075,176.75350701402806,-43840369.45631127
58.06922507944511,336.87374749498997,177.65531062124248,-43295849.824749574
58.3398892021252,338.0761523046092,178.55711422845692,-42738502.38389687
58.49593527493662,339.2785571142285,179.45891783567134,-42166952.53945984
59.66352413109437,340.4809619238477,180.36072144288576,-41579900.23760764
58.80762734917697,341.683366733467,181.2625250501002,-40980474.293347314
64.16328155002302,342.8857715430862,182.16432865731463,-40359577.560522184
61.22325776434705,344.08817635270543,183.06613226452907,-39733191.998697236
63.80089716402877,345.29058116232466,183.9679358717435,-39085751.386086926
64.3283928158696,346.4929859719439,184.8697394789579,-38425662.99718161
63.937348748296706,347.6953907815631,185.77154308617236,-37751591.42211853
66.18292971791715,348.8977955911824,186.67334669338678,-37059292.774717316
67.47582253662397,350.1002004008016,187.5751503006012,-36352819.735434964
67.43102385001579,351.3026052104209,188.47695390781564,-35632604.45169519
68.39958739738317,352.5050100200401,189.37875751503006,-34895695.83386059
69.46985844907041,353.70741482965934,190.28056112224448,-34143085.34533207
68.61257405647305,354.90981963927857,191.18236472945893,-33377207.36154319
69.1728946825809,356.1122244488978,192.08416833667334,-32593805.259815555
71.96622660081748,357.3146292585171,192.9859719438878,-31791682.859618526
74.25417902462077,358.5170340681363,193.8877755511022,-30974127.88726152
71.97783020714816,359.7194388777555,194.78957915831663,-30146506.797781628
73.31402300038263,360.92184368737475,195.69138276553107,-29297966.689978283
74.431715033905,362.124248496994,196.5931863727455,-28433408.713213693
75.03306731580449,363.32665330661325,197.4949899799599,-27553146.11270101
76.30901104767433,364.5290581162325,198.39679358717436,-26655469.601557862
76.78278585106223,365.7314629258517,199.29859719438878,-25742290.34237249
78.69118755236057,366.933867735471,200.20040080160322,-24810402.596078407
79.4172247015764,368.1362725450902,201.10220440881764,-23863358.171670686
81.40617128417894,369.33867735470943,202.00400801603206,-22897571.151383173
80.23888239720016,370.54108216432866,202.9058116232465,-21919361.224080753
80.78660965626426,371.74348697394794,203.80761523046093,-20921556.427690875
83.52392677239828,372.94589178356716,204.70941883767534,-19903291.574248385
83.72973995172174,374.1482965931864,205.6112224448898,-18871455.934228312
82.81556712390054,375.3507014028056,206.5130260521042,-17823888.451377045
85.60918513867236,376.5531062124249,207.41482965931863,-16753201.1665488
85.31964028016095,377.7555110220441,208.31663326653307,-15669576.023382615
85.84772951131578,378.95791583166334,209.2184368737475,-14566971.01838256
87.17906230338697,380.16032064128257,210.12024048096194,-13445282.418269943
87.72137795701674,381.36272545090185,211.02204408817636,-12306886.448607635
88.12298452482938,382.5651302605211,211.92384769539078,-11150678.642629396
88.78899819433869,383.7675350701403,212.82565130260522,-9975913.070673596
88.608766899842,384.9699398797595,213.72745490981964,-8784259.76775087
90.33169969110337,386.1723446893788,214.62925851703406,-7571205.072005344
91.36823842855901,387.374749498998,215.5310621242485,-6340788.128262949
91.73280404720194,388.57715430861725,216.43286573146293,-5092920.545513165
92.83325825866609,389.7795591182365,217.33466933867734,-3825177.855468464
94.54993004177093,390.98196392785576,218.2364729458918,-2537617.124377978
95.61934461099013,392.184368737475,219.1382765531062,-1232267.2226064324
95.42646836090515,393.3867735470942,220.04008016032066,89877.639430511
95.65757235617701,394.58917835671343,220.94188376753507,1431811.5008059025
96.45615382202287,395.7915831663327,221.8436873747495,2793891.6095039127
99.8323269868215,396.99398797595194,222.74549098196394,4179821.2116761683
99.62560895517898,398.19639278557116,223.64729458917836,5578784.320047307
101.3464862993092,399.3987975951904,224.54909819639278,7000703.0733644245
100.20694291354549,400.60120240480967,225.45090180360722,8437017.008675922
100.46672908748927,401.8036072144289,226.35270541082164,9895545.171678532
101.51358849951097,403.0060120240481,227.2545090180361,11375288.077798117
103.04495953079095,404.20841683366734,228.1563126252505,12875831.203387488
104.4807479208594,405.4108216432866,229.05811623246493,14396223.63057344
104.68744909588669,406.61322645290585,229.95991983967937,15934413.439221669
104.99095526767712,407.8156312625251,230.8617234468938,17492979.809704114
106.24243378457506,409.0180360721443,231.7635270541082,19073648.550618816
105.62517069710898,410.2204408817635,232.66533066132266,20671160.035606135
106.30670674852391,411.4228456913828,233.56713426853707,22291650.409735847
109.11385626052449,412.62525050100203,234.4689378757515,23936888.22499918
110.14510524900675,413.82765531062125,235.37074148296594,25599426.51123022
107.92295388167464,415.0300601202405,236.27254509018036,27276379.516150344
111.2850786666763,416.23246492985976,237.1743486973948,28985240.722847093
113.55520731881442,417.434869739479,238.07615230460922,30713079.571678866
111.90774225861266,418.6372745490982,238.97795591182364,32454101.63050591
112.30446635920156,419.83967935871743,239.8797595190381,34220490.16292994
116.1822684347547,421.0420841683367,240.7815631262525,36015378.318780825
114.68835884236533,422.24448897795594,241.68336673346693,37820617.07968812
114.91215992883554,423.44689378757516,242.58517034068137,39650954.34424542
116.88945125257717,424.6492985971944,243.4869739478958,41506589.141230986
118.84589899882417,425.85170340681367,244.38877755511024,43383987.66241394
117.31161931316795,427.0541082164329,245.29058116232466,45275815.307143494
120.25684246914598,428.2565130260521,246.19238476953907,47199145.11074822
118.82659351608297,429.45891783567134,247.09418837675352,49135147.090918824
122.13631135086102,430.6613226452906,247.99599198396794,51103554.22966294
120.94608498021789,431.86372745490985,248.89779559118236,53084432.734512016
121.01490702602993,433.0661322645291,249.7995991983968,55090420.96491365
123.58289543025346,434.2685370741483,250.70140280561122,57124371.39230721
122.40635750107585,435.4709418837676,251.60320641282564,59172625.908772275
125.12785191866622,436.6733466933868,252.5050100200401,61252213.08303742
124.94052566446837,437.87575150300603,253.4068136272545,63348083.641898856
124.71336938485884,439.07815631262525,254.30861723446895,65466736.35750298
125.36129701526559,440.28056112224453,255.21042084168337,67610331.69194059
127.59422165412477,441.48296593186376,256.1122244488978,69780629.18227468
130.14840173060912,442.685370741483,257.01402805611224,71974948.04052757
128.07521950282148,443.8877755511022,257.9158316633267,74181806.8620358
130.7605587428238,445.0901803607215,258.8176352705411,76423125.29727994
128.92455734968058,446.2925851703407,259.7194388777555,78677386.091619
132.6219972452034,447.49498997995994,260.62124248496997,80968233.35688786
130.48125916416132,448.69739478957916,261.52304609218436,83269002.98932056
133.82046188301615,449.89979959919845,262.4248496993988,85606582.70979016
133.78844196425956,451.10220440881767,263.32665330661325,87960043.25682668
133.2469134233492,452.3046092184369,264.22845691382764,90336283.4177076
134.04512500334494,453.5070140280561,265.1302605210421,92739852.20506231
136.3909836896502,454.7094188376754,266.03206412825654,95171420.39750902
136.74878962978195,455.9118236472946,266.9338677354709,97622471.48741607
138.343411894056,457.11422845691385,267.8356713426854,100101006.97434823
140.19464138927705,458.3166332665331,268.7374749498998,102604754.15242605
140.65898991079337,459.51903807615236,269.6392785571142,105129656.28000204
140.71239084473416,460.7214428857716,270.54108216432866,107678244.87660293
139.83781193370376,461.9238476953908,271.4428857715431,110249317.94019525
141.8691759697449,463.12625250501003,272.3446893787575,112852680.48522858
141.68630629653993,464.3286573146293,273.24649298597194,115475460.06957965
142.71900048788464,465.53106212424854,274.1482965931864,118126486.63895886
144.3320305839305,466.73346693386776,275.0501002004008,120804277.04167001
142.70927257226927,467.935871743487,275.9519038076152,123499051.02954881
144.97211721714854,469.13827655310627,276.85370741482967,126229321.9799035
145.81805470269842,470.3406813627255,277.7555110220441,128981497.00983469
147.73069169041753,471.5430861723447,278.6573146292585,131762163.16892903
149.39793542043407,472.74549098196394,279.55911823647295,134567989.70386273
148.8356349132182,473.9478957915832,280.4609218436874,137393706.46799392
150.1518610186488,475.15030060120245,281.3627254509018,140250435.29496497
148.95319572771334,476.35270541082167,282.26452905811624,143126459.53925425
154.1757993846518,477.5551102204409,283.1663326653307,146046125.60463995
152.13906175690627,478.7575150300602,284.0681362725451,148972198.59643787
154.03262491257698,479.9599198396794,284.9699398797595,151935477.31169683
152.72652314987175,481.1623246492986,285.87174348697397,154916408.2785234
153.43154599245665,482.36472945891785,286.77354709418836,157929466.78835505
154.24780690177383,483.56713426853713,287.6753507014028,160969524.96186155
156.2104867383964,484.76953907815636,288.57715430861725,164039591.76848906
157.43861643044934,485.9719438877756,289.47895791583164,167134529.40045482
157.60947063378543,487.1743486973948,290.3807615230461,170253475.64425963
159.69730438856132,488.37675350701403,291.28256513026054,173404993.7796015
158.77279764073973,489.5791583166333,292.1843687374749,176575096.69471473
160.21069999402638,490.78156312625254,293.0861723446894,179779277.44827658
159.96121109447515,491.98396793587176,293.9879759519038,183006014.26899618
161.9304840776663,493.186372745491,294.88977955911827,186266681.02338976
162.70433818247605,494.38877755511027,295.79158316633266,189551512.7109552
164.02938887042885,495.5911823647295,296.6933867735471,192865691.85496503
165.25126574950158,496.7935871743487,297.59519038076155,196207410.60236722
165.77820640360395,497.99599198396794,298.49699398797594,199574996.17112285
167.51793115998913,499.1983967935872,299.3987975951904,202974251.42568678
165.62957858594032,500.40080160320645,300.30060120240483,206390750.17943853
168.14486052728193,501.60320641282567,301.2024048096192,209848693.65563124
168.20382784296905,502.8056112224449,302.10420841683367,213327589.79488546
168.50294583101677,504.0080160320642,303.0060120240481,216835646.86038965
169.1869624750574,505.2104208416834,303.9078156312625,220373412.35383826
171.77932597376127,506.4128256513026,304.80961923847696,223945693.14919978
171.44815007500384,507.61523046092185,305.7114228456914,227537737.7448042
173.8903769777189,508.81763527054113,306.6132264529058,231167240.90985745
172.59521234247129,510.02004008016036,307.51503006012024,234814062.71343917
174.30482316987366,511.2224448897796,308.4168336673347,238499311.89407474
173.71629191157942,512.4248496993988,309.3186372745491,242206534.10483176
177.78595330058013,513.627254509018,310.2204408817635,245957731.16251677
176.90919084416083,514.8296593186374,311.12224448897797,249722614.91360325
178.42680153750615,516.0320641282565,312.0240480961924,253524613.87116343
178.59113590456587,517.2344689378758,312.9258517034068,257351853.50771004
179.39589327563704,518.436873747495,313.82765531062125,261210826.9479342
180.2549606117673,519.6392785571143,314.7294589178357,265099760.23555475
181.49345428700306,520.8416833667335,315.6312625250501,269019820.05634207
181.86782065810397,522.0440881763527,316.53306613226454,272967049.94572335
180.13373936041302,523.246492985972,317.434869739479,276937486.9070125
183.26928604873362,524.4488977955912,318.3366733466934,280954012.73996264
182.3106090231717,525.6513026052105,319.2384769539078,284987416.11795753
182.42311193814675,526.8537074148296,320.14028056112227,289054733.0634418
187.00341634562312,528.056112224449,321.04208416833666,293167402.4884426
186.29370118625985,529.2585170340682,321.9438877755511,297293054.73738104
188.63238195480585,530.4609218436874,322.84569138276555,301459681.89962846
187.44388917439866,531.6633266533066,323.74749498997994,305645196.90538114
190.3931954198748,532.8657314629259,324.6492985971944,309875668.8134485
189.51684232577364,534.0681362725452,325.55110220440883,314124123.1002465
190.47932528257564,535.2705410821643,326.4529058116232,318409976.47658855
190.41033102291226,536.4729458917836,327.3547094188377,322723515.6953805
192.88781363153402,537.6753507014029,328.2565130260521,327077154.97189134
193.39258257169357,538.8777555110221,329.15831663326657,331455422.5744347
194.83360226452612,540.0801603206413,330.06012024048096,335868493.3261327
193.63936721011163,541.2825651302605,330.9619238476954,340303979.76813465
195.44596287584892,542.4849699398799,331.86372745490985,344781696.8589254
195.52723069539715,543.687374749499,332.76553106212424,349285205.6511101
196.59937782106402,544.8897795591183,333.6673346693387,353824147.25733966
198.40050474356298,546.0921843687374,334.56913827655313,358397746.13105005
196.96705081765649,547.2945891783568,335.4709418837675,362991982.3505694
197.28119001137824,548.496993987976,336.37274549098197,367624677.90154105
198.98096823477195,549.6993987975952,337.2745490981964,372294667.8554066
199.66114353756217,550.9018036072144,338.1763527054108,376993486.13085395
201.56285654761183,552.1042084168337,339.07815631262525,381729284.22750527
200.99543234790914,553.306613226453,339.9799599198397,386488815.44074994
203.21884483188393,554.5090180360721,340.8817635270541,391291250.0867656
204.26759941153435,555.7114228456915,341.78356713426854,396122304.32269603
204.03416332308475,556.9138276553107,342.685370741483,400981619.594703
206.46091216019406,558.1162324649299,343.5871743486974,405883826.2216441
207.77435843022147,559.3186372745491,344.4889779559118,410815135.04288536
206.5459689544676,560.5210420841684,345.39078156312627,415770240.6907721
207.1232338692403,561.7234468937876,346.29258517034066,420765453.0596022
207.44100062590277,562.9258517034068,347.1943887775551,425793181.9012607
211.12694460345685,564.1282565130261,348.09619238476955,430867193.5237616
212.00413858348801,565.3306613226453,348.997995991984,435964346.3288726
209.9555070178908,566.5330661322646,349.8997995991984,441084167.695986
211.06929771539794,567.7354709418838,350.80160320641284,446249881.4571138
212.98912082888376,568.937875751503,351.7034068136273,451452696.90556234
213.69855939038305,570.1402805611223,352.6052104208417,456685007.7131842
213.92611161546478,571.3426853707415,353.5070140280561,461949670.94114643
214.00192381007525,572.5450901803608,354.40881763527057,467248054.42291814
216.98690144847222,573.7474949899799,355.31062124248496,472592131.39088756
215.07310576207908,574.9498997995993,356.2124248496994,477951698.0979877
217.77259199355856,576.1523046092184,357.11422845691385,483363835.8644596
218.42005779786936,577.3547094188377,358.01603206412824,488802715.3002654
219.58323970684805,578.557114228457,358.9178356713427,494278457.29594857
217.7222145700655,579.7595190380762,359.81963927855713,499777211.5075043
221.39877318324562,580.9619238476954,360.7214428857715,505332845.37572557
220.95814817344672,582.1643286573146,361.62324649298597,510907322.97879726
222.65775171849398,583.366733466934,362.5250501002004,516525571.5877505
222.98256790977084,584.5691382765531,363.4268537074148,522173671.26156217
223.18575543581971,585.7715430861724,364.32865731462925,527856721.1225031
225.28747863904456,586.9739478957916,365.2304609218437,533582978.22640306
225.4703888765158,588.1763527054109,366.13226452905815,539337137.3117917
225.4019456208769,589.3787575150301,367.03406813627254,545126022.6782064
226.47271355734316,590.5811623246493,367.935871743487,550955389.5016127
229.56521040465657,591.7835671342687,368.83767535070143,556829046.3606875
229.63275533618872,592.9859719438878,369.7394789579158,562726344.7555678
229.92284408207905,594.1883767535071,370.64128256513027,568660721.8598557
230.51989663370261,595.3907815631262,371.5430861723447,574632634.3850627
233.6295433918825,596.5931863727455,372.4448897795591,580651426.8530974
232.38528789754037,597.7955911823648,373.34669338677355,586688477.7332966
232.61707879183234,598.997995991984,374.248496993988,592768287.290729
234.0183387250179,600.2004008016032,375.1503006012024,598889684.7505009
235.68601730899837,601.4028056112224,376.05210420841684,605049023.2110188
234.49998712113495,602.6052104208418,376.9539078156313,611233171.9914045
236.12901664976872,603.8076152304609,377.8557114228457,617466221.7386973
238.8771990663746,605.0100200400802,378.7575150300601,623741205.1602814
237.4836133694629,606.2124248496995,379.65931863727457,630035653.3601568
237.5775069251568,607.4148296593187,380.56112224448896,636373768.7123241
239.6289324263624,608.6172344689379,381.4629258517034,642757687.2589543
239.78082040600412,609.8196392785571,382.36472945891785,649170947.6343613
241.33652986670802,611.0220440881765,383.2665330661323,655627889.0313492
241.3006674685406,612.2244488977956,384.1683366733467,662115641.4045086
241.32178405838823,613.4268537074149,385.07014028056113,668641447.3394835
245.4989505650765,614.6292585170341,385.9719438877756,675223372.3975806
244.6626366012362,615.8316633266534,386.87374749498997,681821318.3779976
244.7102793997896,617.0340681362726,387.7755511022044,688461278.6204078
244.55278489076474,618.2364729458918,388.67735470941886,695138553.5868313
245.4067332819235,619.438877755511,389.57915831663325,701858608.7276039
248.06386873809583,620.6412825651303,390.4809619238477,708625123.2988203
247.32043750320744,621.8436873747495,391.38276553106215,715415049.4168329
248.51226217655517,623.0460921843688,392.28456913827654,722252238.6723135
251.93400019290868,624.248496993988,393.186372745491,729138254.0509303
249.90800911999295,625.4509018036073,394.08817635270543,736038543.3893616
250.65416626549643,626.6533066132265,394.9899799599198,742990283.8285367
250.81813103012425,627.8557114228457,395.89178356713427,749978444.8716431
252.2337319077738,629.058116232465,396.7935871743487,757011420.0596027
253.69350965225493,630.2605210420842,397.6953907815631,764083881.1073613
255.00473251808467,631.4629258517034,398.59719438877755,771195049.5086248
254.0786924061018,632.6653306613227,399.498997995992,778335425.9492571
257.4417431168178,633.867735470942,400.40080160320645,785535084.7735028
257.2889274187193,635.0701402805612,401.30260521042084,792758213.3217866
257.4115445116878,636.2725450901804,402.2044088176353,800022380.8777192
258.330939325205,637.4749498997996,403.10621242484973,807330114.0510504
257.7361825069645,638.6773547094189,404.0080160320641,814670786.354909
261.9518548434235,639.8797595190381,404.90981963927857,822074010.6590025
260.3537520874294,641.0821643286573,405.811623246493,829490180.2511876
263.3554500961827,642.2845691382765,406.7134268537074,836968288.3589389
261.1404201208069,643.4869739478959,407.61523046092185,844462173.4304392
263.1850278004748,644.6893787575151,408.5170340681363,852016646.9101605
263.5812638350514,645.8917835671343,409.4188376753507,859603937.629206
265.26186983148966,647.0941883767536,410.32064128256513,867238038.9111991
264.7259101043882,648.2965931863728,411.2224448897796,874902377.817086
265.8360901731841,649.498997995992,412.12424849699397,882615470.4522371
266.04374649990524,650.7014028056112,413.0260521042084,890365255.0339477
268.2561657145941,651.9038076152304,413.92785571142286,898165786.5278971
266.10394525669415,653.1062124248498,414.82965931863725,905986533.7048502
268.2566283040997,654.308617234469,415.7314629258517,913869292.2983692
272.1950450780928,655.5110220440882,416.63326653306615,921802265.9167187
271.01649427308956,656.7134268537075,417.5350701402806,929751835.0887792
272.64855719485035,657.9158316633267,418.436873747495,937756768.8340385
272.32913309104777,659.1182364729459,419.33867735470943,945793870.3003016
273.2766351209059,660.3206412825651,420.2404809619239,953879014.2338293
275.38747014998194,661.5230460921844,421.14228456913827,962011854.8526974
273.71010916815334,662.7254509018037,422.0440881763527,970168011.9977148
276.16848985213966,663.9278557114229,422.94589178356716,978386756.8500869
276.49356859060936,665.1302605210421,423.84769539078155,986637187.4283762
276.8664159567548,666.3326653306614,424.749498997996,994930196.044682
279.11386870069197,667.5350701402806,425.65130260521045,1003275034.7440517
279.99933209096946,668.7374749498998,426.55310621242484,1011655627.3555079
279.25456579217496,669.939879759519,427.4549098196393,1020070662.7766027
283.0841313473105,671.1422845691383,428.35671342685373,1028551578.5348828
279.8837210097759,672.3446893787576,429.2585170340681,1037039750.2245162
281.2081960656465,673.5470941883768,430.16032064128257,1045593781.939076
282.72512852467287,674.749498997996,431.062124248497,1054191883.4245322
281.9695844062898,675.9519038076153,431.9639278557114,1062821608.1082027
284.3361496067009,677.1543086172345,432.86573146292585,1071510499.5565684
285.86991098806675,678.3567134268537,433.7675350701403,1080238568.3548205
284.75531596614223,679.559118236473,434.6693386773547,1088996513.073747
287.96902481631923,680.7615230460922,435.57114228456913,1097820321.1666498
288.6030155254359,681.9639278557115,436.4729458917836,1106674531.1147234
288.45111519121934,683.1663326653307,437.374749498998,1115568442.4061444
288.5216914592967,684.36873747495,438.2765531062124,1124507392.1836941
290.37599722042347,685.5711422845692,439.17835671342687,1133499622.6650035
291.17931428566266,686.7735470941884,440.0801603206413,1142530485.736139
293.4816417801613,687.9759519038076,440.9819639278557,1151613451.087177
293.2576722812103,689.1783567134269,441.88376753507015,1160727414.1153598
293.43840181013115,690.3807615230461,442.7855711422846,1169887912.260931
292.42465389554235,691.5831663326654,443.687374749499,1179086611.9627168
295.09741512471817,692.7855711422847,444.58917835671343,1188349393.79122
295.37574171108884,693.9879759519039,445.4909819639279,1197644229.0778182
294.7863214162631,695.1903807615231,446.39278557114227,1206979264.6988676
296.0560992955616,696.3927855711423,447.2945891783567,1216369096.2652152
297.52684713810004,697.5951903807616,448.19639278557116,1225805048.8982472
300.03752101878007,698.7975951903808,449.09819639278555,1235291766.1546361
299.09296482716786,700.0,450.0,1244805109.7144818
